Adding x nodes,runtime[ms],ms / x
1,17,17
50,135,2.7
100,313,3.13
150,663,4.42
200,1160,5.8
250,1698,6.792
300,2455,8.183333333333334
350,3350,9.571428571428571
400,4345,10.8625
450,5478,12.173333333333334
500,6726,13.452
550,8123,14.76909090909091
600,9640,16.066666666666666
650,11310,17.4
700,13221,18.88714285714286
750,15045,20.06
800,17202,21.5025
850,19383,22.803529411764707
900,21761,24.17888888888889
950,24162,25.433684210526316
