"Checking x connections in graph with 50 nodes, 50 edges",runtime[ms],ms / x
100000,41,0.00041
190000,81,0.0004263157894736842
280000,144,0.0005142857142857143
370000,163,0.00044054054054054056
460000,192,0.0004173913043478261
550000,300,0.0005454545454545455
640000,267,0.0004171875
730000,280,0.0003835616438356164
820000,437,0.0005329268292682927
910000,394,0.00043296703296703294
1000000,416,0.000416
